,SEG,BU,Business Unit,Sub BU,Sub Business Unit,Platform ID,Platform,Product Category ID,Product Category,Product Line ID,Product Line,Product Set ID,Product Set,Product Subset ID,Product Subset ,Material ID,Material Description,Material ID Description,BU + Material, FY 25 Actual Revenue , FY 25 Actual Units , COMMENTS ,CAT 12
1726,BLS,DS,Diagnostic Solutions,DS,Diagnostic Solutions,2118000,Cancer,PH211800021000,Cytology,PH211800031550,FocalPoint Instr - FPU,PH211800041037,FocalPoint FPU,PH211800051064,FocalPoint FPU,491069,Fee Per Use Focal Point,491069-Fee Per Use Focal Point,DS-491069,"$949,904 ","1,237,074",Classified by ML model,rowa
21739,BLS,BDB,Biosciences,BDB,Biosciences,2200200,Clinical Instruments,PH220020023200,FACSCanto,PH220020035850,FACSCanto Instrument,PH220020041120,FACSCanto Instrument,PH220020051321,FACSCanto II Instrument,338962,BD FACSCanto II Cytometer 4/2/2 Sys IVD,338962-BD FACSCanto II Cytometer 4/2/2 Sys IVD,BDB-338962,"$5,091,082 ",72,Matched by Material ID,rowa
27455,BLS,DS,Diagnostic Solutions,DS,Diagnostic Solutions,2111460,Lab Automation,PH211146021100,Lab Automation,PH211146031950,ReadA - Sale,PH211146041034,ReadA SA - Sale,PH211146051060,ReadA SA - Sale,446948,BD Kiestra ReadA,446948-BD Kiestra ReadA,DS-446948,"$5,900,437 ",28,Matched by Material ID,rowa
27638,BLS,DS,Diagnostic Solutions,DS,Diagnostic Solutions,2111001,Molecular Diagnostics,PH211100121100,ProbeTec/Viper,PH211100132400,ProbeTec Viper Instr - Plcmt,PH211100141080,Viper LT Inst - Placements,PH211100151141,Viper LT Inst - Placements,285018,Viper LT Instrument Placements,285018-Viper LT Instrument Placements,DS-285018, $-   ,28,Matched by Material ID,rowa
27888,BLS,DS,Diagnostic Solutions,DS,Diagnostic Solutions,2111460,Lab Automation,PH211146021100,Lab Automation,PH211146032400,TMT - TLA - Sale,PH211146041019,TMT - TLA - Sale,PH211146051050,TMT - TLA - Sale,446096,BD Kiestra Regular Base for TMT,446096-BD Kiestra Regular Base for TMT,DS-446096,"$18,740,157 ",26,Matched by Material ID,rowa
29312,BLS,DS,Diagnostic Solutions,DS,Diagnostic Solutions,2111460,Lab Automation,PH211146021100,Lab Automation,PH211146032100,InoqulA Talon Instr - Sale,PH211146041038,InoqulA Talon Instr - Sale,PH211146051067,InoqulA Talon Instr - Sale,446973,BD Kiestra InoqulA Standalone,446973-BD Kiestra InoqulA Standalone,DS-446973,"$8,534,750 ",21,Matched by Material ID,rowa
31658,BLS,DS,Diagnostic Solutions,DS,Diagnostic Solutions,2111460,Lab Automation,PH211146021100,Lab Automation,PH211146032400,TMT - TLA - Sale,PH211146041019,TMT - TLA - Sale,PH211146051050,TMT - TLA - Sale,446097,BD Kiestra Main Base for TMT,446097-BD Kiestra Main Base for TMT,DS-446097,"$4,902,296 ",15,Matched by Material ID,rowa
31661,BLS,DS,Diagnostic Solutions,DS,Diagnostic Solutions,2111001,Molecular Diagnostics,PH211100121100,ProbeTec/Viper,PH211100132100,ProbeTec Viper Instr - Sale,PH211100141057,Viper LT Inst - Sales,PH211100151099,Viper LT Inst - Sales,442839,Instrument Bd Viper LT System,442839-Instrument Bd Viper LT System,DS-442839,"$1,389,538 ",15,Matched by Material ID,rowa
33134,BLS,BDB,Biosciences,BDB,Biosciences,2200200,Clinical Instruments,PH220020023200,FACSCanto,PH220020035950,FACSCanto Options,PH220020041122,FACSCanto HTS,PH220020051325,FACSCanto HTS,640009,BD FACSCanto II HTS,640009-BD FACSCanto II HTS,BDB-640009,"$81,614 ",12,Matched by Material ID,rowa
33774,BLS,DS,Diagnostic Solutions,DS,Diagnostic Solutions,2111460,Lab Automation,PH211146021100,Lab Automation,PH211146031650,IdentifA - Sale,PH211146041027,IdentifA SA - Sale,PH211146051052,IdentifA SA - Sale,444063,BD Kiestra IdentifA,444063-BD Kiestra IdentifA,DS-444063,"$2,443,448 ",11,Matched by Material ID,rowa
34430,BLS,DS,Diagnostic Solutions,DS,Diagnostic Solutions,2111001,Molecular Diagnostics,PH211100121250,BD COR,PH211100133800,BD COR PX Instr - Plcmt,PH211100141137,BD COR Instr - Plcmt,PH211100151235,BD COR Instr - Plcmt,285088,BD Cor Instrument Placement PX,285088-BD Cor Instrument Placement PX,DS-285088,"$97,725 ",10,Matched by Material ID,rowa
36150,BLS,DS,Diagnostic Solutions,DS,Diagnostic Solutions,2111460,Lab Automation,PH211146021100,Lab Automation,PH211146032100,InoqulA Talon Instr - Sale,PH211146041038,InoqulA Talon Instr - Sale,PH211146051067,InoqulA Talon Instr - Sale,496125,BD Kiestra InoqulA with SPM,496125-BD Kiestra InoqulA with SPM,DS-496125,"$2,941,750 ",8,Classified by ML model,rowa
37095,BLS,DS,Diagnostic Solutions,DS,Diagnostic Solutions,2118000,Cancer,PH211800021000,Cytology,PH211800031050,MultiProcessor Instr - Sale,PH211800041002,MultiProcessor- Sales,PH211800051003,MultiProcessor-Sales,443327,Instrument BD Totalys Multiprocessor,443327-Instrument BD Totalys Multiprocessor,DS-443327,"$1,753,558 ",7,Matched by Material ID,rowa
37100,BLS,BDB,Biosciences,BDB,Biosciences,2200200,Clinical Instruments,PH220020023300,FACSDuet,PH220020036150,FACSDuet,PH220020041130,FACSDuet,PH220020051333,FACSDuet - Base Instrument,662588,BD FACSDuet Sample Prep CE-IVD,662588-BD FACSDuet Sample Prep CE-IVD,BDB-662588,"$464,922 ",7,Matched by Material ID,rowa
38073,BLS,BDB,Biosciences,BDB,Biosciences,2200200,Clinical Instruments,PH220020023200,FACSCanto,PH220020035850,FACSCanto Instrument,PH220020041120,FACSCanto Instrument,PH220020051319,FACSCanto 10 Color Instrument,657338,FACSCanto IVD 10 color configuration,657338-FACSCanto IVD 10 color configuration,BDB-657338,"$432,727 ",6,Matched by Material ID,rowa
39341,BLS,BDB,Biosciences,BDB,Biosciences,2200200,Clinical Instruments,PH220020023300,FACSDuet,PH220020036150,FACSDuet,PH220020041130,FACSDuet,PH220020051333,FACSDuet - Base Instrument,663128,BD FACSDuet Sample Prep US,663128-BD FACSDuet Sample Prep US,BDB-663128,"$396,578 ",5,Matched by Material ID,rowa
40799,BLS,DS,Diagnostic Solutions,DS,Diagnostic Solutions,2118000,Cancer,PH211800021000,Cytology,PH211800031700,MultiProcessor Instr - Plcmt,PH211800041040,MultiProcessor- Placements,PH211800051070,MultiProcessor-Placements,285050,Front End Automation Placements,285050-Front End Automation Placements,DS-285050, $-   ,5,Matched by Material ID,rowa
40859,BLS,BDB,Biosciences,BDB,Biosciences,2200200,Clinical Instruments,PH220020023200,FACSCanto,PH220020035850,FACSCanto Instrument,PH220020041120,FACSCanto Instrument,PH220020051320,FACSCanto I Instrument,337175,BD FACSCanto IVD,337175-BD FACSCanto IVD,BDB-337175,"$6,209 ",4,Matched by Material ID,rowa
42480,BLS,DS,Diagnostic Solutions,DS,Diagnostic Solutions,2111001,Molecular Diagnostics,PH211100121100,ProbeTec/Viper,PH211100132400,ProbeTec Viper Instr - Plcmt,PH211100141078,ProbeTecET Inst - Placements,PH211100151137,ProbeTecET Inst - Placements,447017,ProbeTec ET Lease Billing,447017-ProbeTec ET Lease Billing,DS-447017,"$43,429 ",3,Matched by Material ID,rowa
42489,BLS,BDB,Biosciences,BDB,Biosciences,2200200,Clinical Instruments,PH220020023200,FACSCanto,PH220020035850,FACSCanto Instrument,PH220020041120,FACSCanto Instrument,PH220020051321,FACSCanto II Instrument,338960,BD FACSCanto II Cytometer 4/2 System IVD,338960-BD FACSCanto II Cytometer 4/2 System IVD,BDB-338960,"$1,187,594 ",3,Matched by Material ID,rowa
42499,BLS,DS,Diagnostic Solutions,DS,Diagnostic Solutions,2111001,Molecular Diagnostics,PH211100121250,BD COR,PH211100133350,BD COR PX Instr - Sale,PH211100141123,BD COR Instr - Sale,PH211100151234,BD COR Instr - Sale,443988,BD COR PX INSTRUMENT,443988-BD COR PX INSTRUMENT,DS-443988,"$597,425 ",3,Matched by Material ID,rowa
42506,BLS,BDB,Biosciences,BDB,Biosciences,2200200,Clinical Instruments,PH220020023200,FACSCanto,PH220020035850,FACSCanto Instrument,PH220020041120,FACSCanto Instrument,PH220020051321,FACSCanto II Instrument,339473,BD FACSCanto II Cytometer IVD 5/3 System,339473-BD FACSCanto II Cytometer IVD 5/3 System,BDB-339473,"$113,640 ",3,Matched by Material ID,rowa
42507,BLS,BDB,Biosciences,BDB,Biosciences,2200200,Clinical Instruments,PH220020023150,FACSCalibur,PH220020035700,FACSCalibur Instrument,PH220020041113,FACSCalibur Instrument,PH220020051312,FACSCalibur Instrument,343202,FACSCALIBUR 4 CLR BASIC SENSOR UNIT,343202-FACSCALIBUR 4 CLR BASIC SENSOR UNIT,BDB-343202,"$102,020 ",3,Matched by Material ID,rowa
47434,BLS,DS,Diagnostic Solutions,DS,Diagnostic Solutions,2111460,Lab Automation,PH211146021100,Lab Automation,PH211146031600,InoqulA+ Instr - Plcmt,PH211146041026,InoqulA+ Instr - Plcmt,PH211146051037,InoqulA+ Instr- Plcmt,285034,Lab Automation Instr Inocula Placement,285034-Lab Automation Instr Inocula Placement,DS-285034,"$569,395 ",1,Matched by Material ID,rowa
47440,BLS,DS,Diagnostic Solutions,DS,Diagnostic Solutions,2111460,Lab Automation,PH211146021100,Lab Automation,PH211146031400,InoqulA+ Instr- Sale,PH211146041022,InoqulA+ Instr- Sale,PH211146051043,InoqulA+ Instr- Sale,447202,Instrument BD Kiestra InoqulA,447202-Instrument BD Kiestra InoqulA,DS-447202,"$429,896 ",1,Matched by Material ID,rowa
47495,BDM,MMS,Medication Management Solutions (MMS),MMP,Pharmacy Automation,2305005,ROWA Retail,PH230500521300,ROWA Retail,PH230500531300,ROWA Retail - Other,PH230500541006,ROWA Retail - Other,PH230500551006,ROWA Retail - Other,773208,Technical Assistance MMS ROWA Retail,773208-Technical Assistance MMS ROWA Retail,MMS-773208,"$170,292 ",1,Classified by ML model,rowa
47560,BLS,DS,Diagnostic Solutions,DS,Diagnostic Solutions,2111001,Molecular Diagnostics,PH211100121250,BD COR,PH211100134650,BD COR GX/MX Instr - Sale,PH211100141002,BD COR GX/MX Instr - Sale,PH211100151002,BD COR GX/MX Instr - Sale,443990,BD COR GX INSTRUMENT,443990-BD COR GX INSTRUMENT,DS-443990,"$17,773 ",1,Matched by Material ID,rowa
51842,BLS,DS,Diagnostic Solutions,DS,Diagnostic Solutions,2111460,Lab Automation,PH211146021100,Lab Automation,PH211146031100,All Other Lab Automation Instruments,PH211146041007,Other Instr- Sale,PH211146051014,Other Instr- Sale,447307,Workflow Dashboard License,447307-Workflow Dashboard License,DS-447307,$29 ,1,Classified by ML model,rowa
52017,BLS,BDB,Biosciences,BDB,Biosciences,2200200,Clinical Instruments,PH220020023200,FACSCanto,PH220020035850,FACSCanto Instrument,PH220020041120,FACSCanto Instrument,PH220020051321,FACSCanto II Instrument,33896209,Canto II Fl Cytometer IVD 4/2/2 Sys REC,33896209-Canto II Fl Cytometer IVD 4/2/2 Sys REC,BDB-33896209, $-   ,1,Matched by Material ID,rowa
52821,BLS,DS,Diagnostic Solutions,DS,Diagnostic Solutions,2111460,Lab Automation,PH211146021100,Lab Automation,PH211146032100,InoqulA Talon Instr - Sale,PH211146041038,InoqulA Talon Instr - Sale,PH211146051067,InoqulA Talon Instr - Sale,DUMMYSKU016_IDS,Dummy SKU - InoqulA Talon Instr - Sale,DUMMYSKU016_IDS-Dummy SKU - InoqulA Talon Instr - Sale,DS-DUMMYSKU016_IDS, $-   ,1,Classified by ML model,rowa
52822,BLS,DS,Diagnostic Solutions,DS,Diagnostic Solutions,2111460,Lab Automation,PH211146021100,Lab Automation,PH211146032400,TMT - TLA - Sale,PH211146041019,TMT - TLA - Sale,PH211146051050,TMT - TLA - Sale,DUMMYSKU080_IDS,Dummy SKU - TMT - TLA - Sale,DUMMYSKU080_IDS-Dummy SKU - TMT - TLA - Sale,DS-DUMMYSKU080_IDS, $-   ,1,Classified by ML model,rowa
52823,BLS,DS,Diagnostic Solutions,DS,Diagnostic Solutions,2118000,Cancer,PH211800021000,Cytology,PH211800031100,FocalPoint Instr - Sale,PH211800041004,FocalPoint Sales,PH211800051006,FocalPoint Sales,490137,Inst Focalpoint 230V 15Fov Under 5%,490137-Inst Focalpoint 230V 15Fov Under 5%,DS-490137, $-   ,1,Classified by ML model,rowa
52824,BLS,DS,Diagnostic Solutions,DS,Diagnostic Solutions,2118000,Cancer,PH211800021000,Cytology,PH211800031100,FocalPoint Instr - Sale,PH211800041004,FocalPoint Sales,PH211800051006,FocalPoint Sales,490138,Inst Focalpoint 230V 15Fov Refurb,490138-Inst Focalpoint 230V 15Fov Refurb,DS-490138, $-   ,1,Classified by ML model,rowa
52923,BDM,MMS,Medication Management Solutions (MMS),MMP,Pharmacy Automation,2305005,ROWA Retail,PH230500521300,ROWA Retail,PH230500531300,ROWA Retail - Other,PH230500541006,ROWA Retail - Other,PH230500551006,ROWA Retail - Other,PL_732_168,RWR Capital Sales Adjustment,PL_732_168-RWR Capital Sales Adjustment,MMS-PL_732_168,"$3,957,031 ", -   ,Classified by ML model,rowa
52925,BLS,DS,Diagnostic Solutions,DS,Diagnostic Solutions,2111460,Lab Automation,PH211146021100,Lab Automation,PH211146032400,TMT - TLA - Sale,PH211146041019,TMT - TLA - Sale,PH211146051050,TMT - TLA - Sale,PL_716_210,TMT Instr - Sale Adjustment,PL_716_210-TMT Instr - Sale Adjustment,DS-PL_716_210,"$3,368,811 ", -   ,Matched by Material ID,rowa
52929,BLS,DS,Diagnostic Solutions,DS,Diagnostic Solutions,2111460,Lab Automation,PH211146021100,Lab Automation,PH211146032450,TMT - TLA - Plcmt,PH211146041044,TMT - TLA - Plcmt,PH211146051073,TMT - TLA - Plcmt,PL_717_210,TMT Instr - Plcmt Adjustment,PL_717_210-TMT Instr - Plcmt Adjustment,DS-PL_717_210,"$2,519,725 ", -   ,Matched by Material ID,rowa
52939,BLS,DS,Diagnostic Solutions,DS,Diagnostic Solutions,2111001,Molecular Diagnostics,PH211100121250,BD COR,PH211100134650,BD COR GX/MX Instr - Sale,PH211100141002,BD COR GX/MX Instr - Sale,PH211100151002,BD COR GX/MX Instr - Sale,PL_714_125,BD COR GX/MX Instr - Sale Adjustment,PL_714_125-BD COR GX/MX Instr - Sale Adjustment,DS-PL_714_125,"$1,069,085 ", -   ,Classified by ML model,rowa
52978,BLS,DS,Diagnostic Solutions,DS,Diagnostic Solutions,2111460,Lab Automation,PH211146021100,Lab Automation,PH211146031400,InoqulA+ Instr- Sale,PH211146041022,InoqulA+ Instr- Sale,PH211146051043,InoqulA+ Instr- Sale,PL_691_210,InoqulA Instrument - Sale Adjustment,PL_691_210-InoqulA Instrument - Sale Adjustment,DS-PL_691_210,"$293,794 ", -   ,Matched by Material ID,rowa
52992,BLS,DS,Diagnostic Solutions,DS,Diagnostic Solutions,2111001,Molecular Diagnostics,PH211100121250,BD COR,PH211100134650,BD COR GX/MX Instr - Sale,PH211100141002,BD COR GX/MX Instr - Sale,PH211100151002,BD COR GX/MX Instr - Sale,443989,BD COR MX INSTRUMENT,443989-BD COR MX INSTRUMENT,DS-443989,"$221,723 ", -   ,Matched by Material ID,rowa
53042,BLS,DS,Diagnostic Solutions,DS,Diagnostic Solutions,2118000,Cancer,PH211800021000,Cytology,PH211800031700,MultiProcessor Instr - Plcmt,PH211800041040,MultiProcessor- Placements,PH211800051070,MultiProcessor-Placements,444137,MultiProcessor Instrument Placement,444137-MultiProcessor Instrument Placement,DS-444137,"$123,527 ", -   ,Matched by Material ID,rowa
53078,BLS,DS,Diagnostic Solutions,DS,Diagnostic Solutions,2111460,Lab Automation,PH211146021100,Lab Automation,PH211146032100,InoqulA Talon Instr - Sale,PH211146041038,InoqulA Talon Instr - Sale,PH211146051067,InoqulA Talon Instr - Sale,PL_697_210,InoqulA Talon Instrument - Sale Adjustment,PL_697_210-InoqulA Talon Instrument - Sale Adjustment,DS-PL_697_210,"$86,553 ", -   ,Matched by Material ID,rowa
53097,BLS,DS,Diagnostic Solutions,DS,Diagnostic Solutions,2111460,Lab Automation,PH211146021100,Lab Automation,PH211146032000,ReadA - Plcmt,PH211146041035,ReadA SA - Plcmt,PH211146051061,ReadA SA - Plcmt,PL_712_210,ReadA SA - Plcmt Adjustment,PL_712_210-ReadA SA - Plcmt Adjustment,DS-PL_712_210,"$68,295 ", -   ,Matched by Material ID,rowa
53162,BLS,BDB,Biosciences,BDB,Biosciences,2200200,Clinical Instruments,PH220020023150,FACSCalibur,PH220020035700,FACSCalibur Instrument,PH220020041113,FACSCalibur Instrument,PH220020051312,FACSCalibur Instrument,342973,FACSCalibur Cytometer 3 Color Basic IVD,342973-FACSCalibur Cytometer 3 Color Basic IVD,BDB-342973,"$36,443 ", -   ,Matched by Material ID,rowa
53192,BLS,BDB,Biosciences,BDB,Biosciences,2200200,Clinical Instruments,PH220020023150,FACSCalibur,PH220020035700,FACSCalibur Instrument,PH220020041113,FACSCalibur Instrument,PH220020051312,FACSCalibur Instrument,343023,FACSCALIBUR 4 CLR WITH SORT SENSOR UNIT,343023-FACSCALIBUR 4 CLR WITH SORT SENSOR UNIT,BDB-343023,"$29,166 ", -   ,Matched by Material ID,rowa
53254,BLS,BDB,Biosciences,BDB,Biosciences,2200700,Research Instruments,PH220070022150,FACSJazz,PH220070032850,FACSJazz Instrument,PH220070041045,FACSJazz Instrument,PH220070051189,FACSJazz Instrument,655486,BDFACSJazz 4B 2R US,655486-BDFACSJazz 4B 2R US,BDB-655486,"$16,260 ", -   ,Matched by Material ID,rowa
53284,BLS,BDB,Biosciences,BDB,Biosciences,2200200,Clinical Instruments,PH220020023150,FACSCalibur,PH220020035700,FACSCalibur Instrument,PH220020041113,FACSCalibur Instrument,PH220020051312,FACSCalibur Instrument,343022,FACSCALIBUR BASIC WITH SORT SENSOR UNIT,343022-FACSCALIBUR BASIC WITH SORT SENSOR UNIT,BDB-343022,"$12,755 ", -   ,Matched by Material ID,rowa
53319,BLS,BDB,Biosciences,BDB,Biosciences,2200200,Clinical Instruments,PH220020023150,FACSCalibur,PH220020035700,FACSCalibur Instrument,PH220020041113,FACSCalibur Instrument,PH220020051312,FACSCalibur Instrument,342976,FACSCalibur 4 Color W/Sorting IVD,342976-FACSCalibur 4 Color W/Sorting IVD,BDB-342976,"$9,390 ", -   ,Matched by Material ID,rowa
53375,BLS,BDB,Biosciences,BDB,Biosciences,2200200,Clinical Instruments,PH220020023150,FACSCalibur,PH220020035700,FACSCalibur Instrument,PH220020041113,FACSCalibur Instrument,PH220020051312,FACSCalibur Instrument,342974,FACSCalibur 3 Color W/Sorting IVD,342974-FACSCalibur 3 Color W/Sorting IVD,BDB-342974,"$6,125 ", -   ,Matched by Material ID,rowa
53390,BLS,DS,Diagnostic Solutions,DS,Diagnostic Solutions,2111460,Lab Automation,PH211146021100,Lab Automation,PH211146031100,All Other Lab Automation Instruments,PH211146041007,Other Instr- Sale,PH211146051014,Other Instr- Sale,446778,Bd Kiestra System Control Unit,446778-Bd Kiestra System Control Unit,DS-446778,"$5,483 ", -   ,Classified by ML model,rowa
53992,BLS,DS,Diagnostic Solutions,DS,Diagnostic Solutions,2118000,Cancer,PH211800021000,Cytology,PH211800031050,MultiProcessor Instr - Sale,PH211800041003,MultiProcessor Instr - Sale Adjustment,PH211800051005,MultiProcessor Instr - Sale Adjustment,PL_639_118,Totalys Microprocessor Instruments Adjustment,PL_639_118-Totalys Microprocessor Instruments Adjustment,DS-PL_639_118,$1 , -   ,Classified by ML model,rowa
54133,BDM,MMS,Medication Management Solutions (MMS),MMP,Pharmacy Automation,2305003,ROWA Pouch Packaging Retail,PH230500320000,ROWA Pouch Packaging Retail - Other,PH230500330000,ROWA Pouch Packaging Retail - Other,PH230500340000,ROWA Pouch Packaging Retail - Other,PH230500350000,ROWA Pouch Packaging Retail - Other,PL_210_212,ROWA Pouch Packaging Retail Adjustment,PL_210_212-ROWA Pouch Packaging Retail Adjustment,MMS-PL_210_212, $-   , -   ,Classified by ML model,rowa
54566,BLS,DS,Diagnostic Solutions,DS,Diagnostic Solutions,2111460,Lab Automation,PH211146021100,Lab Automation,PH211146031650,IdentifA - Sale,PH211146041027,IdentifA SA - Sale,PH211146051052,IdentifA SA - Sale,PL_694_210,IdentifA SA Instrument -Sale Adjustment,PL_694_210-IdentifA SA Instrument -Sale Adjustment,DS-PL_694_210, $-   , -   ,Matched by Material ID,rowa
54567,BLS,DS,Diagnostic Solutions,DS,Diagnostic Solutions,2118000,Cancer,PH211800021000,Cytology,PH211800031650,FocalPoint Instr - Plcmt,PH211800041039,FocalPoint Placement,PH211800051068,FocalPoint Placement,285048,Focal Point Instrument Placements,285048-Focal Point Instrument Placements,DS-285048, $-   , -   ,Matched by Material ID,rowa
55306,BLS,DS,Diagnostic Solutions,DS,Diagnostic Solutions,2111001,Molecular Diagnostics,PH211100121100,ProbeTec/Viper,PH211100132400,ProbeTec Viper Instr - Plcmt,PH211100141078,ProbeTecET Inst - Placements,PH211100151137,ProbeTecET Inst - Placements,285015,ProbeTec Instrument Placements,285015-ProbeTec Instrument Placements,DS-285015,"($173,632)", -   ,Matched by Material ID,rowa
55514,BLS,DS,Diagnostic Solutions,DS,Diagnostic Solutions,2111460,Lab Automation,PH211146021100,Lab Automation,PH211146031400,InoqulA+ Instr- Sale,PH211146041022,InoqulA+ Instr- Sale,PH211146051043,InoqulA+ Instr- Sale,443347,InoqulA Instrument,443347-InoqulA Instrument,DS-443347,"($194,859)",-1,Matched by Material ID,rowa
55518,BLS,BDB,Biosciences,BDB,Biosciences,2200200,Clinical Instruments,PH220020023150,FACSCalibur,PH220020035700,FACSCalibur Instrument,PH220020041113,FACSCalibur Instrument,PH220020051312,FACSCalibur Instrument,342975,FACSCalibur Cytometer 4 Color Basic IVD,342975-FACSCalibur Cytometer 4 Color Basic IVD,BDB-342975,"$90,894 ",-2,Matched by Material ID,rowa
